{
  "config": {
    "run_name": "exp1_2",
    "out_dir": "./results",
    "seed": 42,
    "device": null,
    "bs_train": 50,
    "bs_test": 12,
    "batches": 250,
    "epochs": 10,
    "early_stopping": 5,
    "checkpoints": null,
    "lr": 0.001,
    "reg": 0.001,
    "filters_per_layer": [
      32
    ],
    "layers_per_block": 8,
    "pool_every": 3,
    "hidden_dims": [
      100
    ],
    "model_type": "cnn",
    "activation": "relu",
    "activation_params": {},
    "batch_norm": false,
    "dropout": 0.4,
    "bottleneck": false,
    "pooling_type": "avg",
    "pooling_params": {
      "kernel_size": 2
    },
    "conv_params": {
      "kernel_size": 2,
      "stride": 1,
      "padding": 1
    },
    "kw": {}
  },
  "results": {
    "num_epochs": 5,
    "train_loss": [
      2.3040155391693116,
      2.3028989362716676,
      2.302622688293457,
      2.3026449279785157,
      2.3025731115341186,
      2.3025881567001343
    ],
    "train_acc": [
      9.576,
      10.024,
      10.208,
      10.064,
      10.224,
      10.024
    ],
    "test_loss": [
      2.3029473237991334,
      2.3025374994277956,
      2.3026606311798097,
      2.30253288936615,
      2.3024001541137697,
      2.3024362964630125
    ],
    "test_acc": [
      10.6,
      10.233333333333333,
      10.233333333333333,
      10.233333333333333,
      10.233333333333333,
      10.233333333333333
    ]
  }
}