{
  "config": {
    "run_name": "exp1_3",
    "out_dir": "./results",
    "seed": 42,
    "device": null,
    "bs_train": 128,
    "bs_test": 32,
    "batches": 250,
    "epochs": 10,
    "early_stopping": 5,
    "checkpoints": null,
    "lr": 0.001,
    "reg": 0.001,
    "filters_per_layer": [
      64,
      128
    ],
    "layers_per_block": 2,
    "pool_every": 3,
    "hidden_dims": [
      100
    ],
    "model_type": "cnn",
    "activation": "relu",
    "activation_params": {},
    "batch_norm": false,
    "dropout": 0.4,
    "bottleneck": false,
    "pooling_type": "avg",
    "pooling_params": {
      "kernel_size": 2
    },
    "conv_params": {
      "kernel_size": 2,
      "stride": 1,
      "padding": 1
    },
    "kw": {}
  },
  "results": {
    "num_epochs": 10,
    "train_loss": [
      1.7330639581680298,
      1.400417769908905,
      1.2620631628036498,
      1.1488006892204286,
      1.0693715388774871,
      0.9971215960979462,
      0.9125714976787567,
      0.8225848026275635,
      0.7393375434875489,
      0.647365717291832
    ],
    "train_acc": [
      37.159375,
      49.46875,
      54.809375,
      58.734375,
      61.675,
      64.390625,
      67.64375,
      70.56875,
      73.615625,
      77.00625
    ],
    "test_loss": [
      1.4759027075767517,
      1.3388940331935884,
      1.277629732608795,
      1.1994021947383882,
      1.2009194343090057,
      1.18151189661026,
      1.1539505767822265,
      1.1855565099716185,
      1.2361376276016236,
      1.2947860038280488
    ],
    "test_acc": [
      46.5,
      52.2625,
      53.7625,
      56.9,
      56.4875,
      58.65,
      58.2625,
      59.3,
      58.9,
      58.825
    ]
  }
}