{
  "config": {
    "run_name": "exp1_1",
    "out_dir": "./results",
    "seed": 42,
    "device": null,
    "bs_train": 50,
    "bs_test": 12,
    "batches": 250,
    "epochs": 10,
    "early_stopping": 5,
    "checkpoints": null,
    "lr": 0.001,
    "reg": 0.001,
    "filters_per_layer": [
      32
    ],
    "layers_per_block": 16,
    "pool_every": 3,
    "hidden_dims": [
      100
    ],
    "model_type": "cnn",
    "activation": "relu",
    "activation_params": {},
    "batch_norm": false,
    "dropout": 0.4,
    "bottleneck": false,
    "pooling_type": "avg",
    "pooling_params": {
      "kernel_size": 2
    },
    "conv_params": {
      "kernel_size": 2,
      "stride": 1,
      "padding": 1
    },
    "kw": {}
  },
  "results": {
    "num_epochs": 6,
    "train_loss": [
      2.3033538331985475,
      2.302710238456726,
      2.302657898902893,
      2.3025791683197023,
      2.3025521965026856,
      2.3025279750823975,
      2.302505989074707
    ],
    "train_acc": [
      9.592,
      9.792,
      9.984,
      10.128,
      9.736,
      10.112,
      10.128
    ],
    "test_loss": [
      2.302374203681946,
      2.3023334283828736,
      2.302339617729187,
      2.3024424304962157,
      2.302400863647461,
      2.302387393951416,
      2.302355857849121
    ],
    "test_acc": [
      9.966666666666667,
      10.233333333333333,
      10.233333333333333,
      10.233333333333333,
      10.233333333333333,
      10.233333333333333,
      10.233333333333333
    ]
  }
}