{
  "config": {
    "run_name": "exp1_1",
    "out_dir": "./results",
    "seed": 42,
    "device": null,
    "bs_train": 50,
    "bs_test": 12,
    "batches": 10,
    "epochs": 10,
    "early_stopping": 5,
    "checkpoints": null,
    "lr": 0.001,
    "reg": 0.001,
    "filters_per_layer": [
      64
    ],
    "layers_per_block": 2,
    "pool_every": 3,
    "hidden_dims": [
      100
    ],
    "model_type": "cnn",
    "activation": "relu",
    "activation_params": {},
    "batch_norm": false,
    "dropout": 0.4,
    "bottleneck": false,
    "pooling_type": "avg",
    "pooling_params": {
      "kernel_size": 2
    },
    "kw": {}
  },
  "results": {
    "num_epochs": 10,
    "train_loss": [
      1.5547391723394395,
      1.321247147500515,
      1.217352579176426,
      1.1547609404325485,
      1.1102665349841119,
      1.0610608236789703,
      1.0219427490830422,
      0.9821649577617645,
      0.9498872401118279,
      0.9110048713088036
    ],
    "train_acc": [
      44.072,
      52.552,
      56.57,
      59.08,
      60.464,
      62.194,
      63.714,
      65.2,
      66.286,
      67.884
    ],
    "test_loss": [
      1.3705850512289601,
      1.263258337367067,
      1.1919047501232984,
      1.1747636997299515,
      1.204195883276937,
      1.2180977888959204,
      1.138179834512212,
      1.124702605269224,
      1.1511818161613936,
      1.074401094437503
    ],
    "test_acc": [
      50.32,
      54.36,
      57.13,
      57.97,
      56.24,
      56.42,
      59.66,
      60.05,
      58.76,
      62.12
    ]
  }
}