{
  "config": {
    "run_name": "exp1_1",
    "out_dir": "./results",
    "seed": 42,
    "device": null,
    "bs_train": 50,
    "bs_test": 12,
    "batches": 250,
    "epochs": 10,
    "early_stopping": 5,
    "checkpoints": null,
    "lr": 0.001,
    "reg": 0.001,
    "filters_per_layer": [
      32
    ],
    "layers_per_block": 8,
    "pool_every": 3,
    "hidden_dims": [
      100
    ],
    "model_type": "cnn",
    "activation": "relu",
    "activation_params": {},
    "batch_norm": false,
    "dropout": 0.4,
    "bottleneck": false,
    "pooling_type": "avg",
    "pooling_params": {
      "kernel_size": 2
    },
    "conv_params": {
      "kernel_size": 2,
      "stride": 1,
      "padding": 1
    },
    "kw": {}
  },
  "results": {
    "num_epochs": 5,
    "train_loss": [
      2.30401553440094,
      2.3028989391326906,
      2.302622688293457,
      2.302616255760193,
      2.3025888471603393,
      2.302619966506958
    ],
    "train_acc": [
      9.576,
      10.024,
      10.208,
      10.112,
      10.192,
      10.056
    ],
    "test_loss": [
      2.3029471569061277,
      2.302537543296814,
      2.3026607990264893,
      2.302523705482483,
      2.3023919382095337,
      2.302529676437378
    ],
    "test_acc": [
      10.6,
      10.233333333333333,
      10.233333333333333,
      10.233333333333333,
      10.233333333333333,
      10.233333333333333
    ]
  }
}