{
  "config": {
    "run_name": "exp1_2",
    "out_dir": "./results",
    "seed": 42,
    "device": null,
    "bs_train": 50,
    "bs_test": 12,
    "batches": 250,
    "epochs": 10,
    "early_stopping": 5,
    "checkpoints": null,
    "lr": 0.001,
    "reg": 0.001,
    "filters_per_layer": [
      128
    ],
    "layers_per_block": 4,
    "pool_every": 3,
    "hidden_dims": [
      100
    ],
    "model_type": "cnn",
    "activation": "relu",
    "activation_params": {},
    "batch_norm": false,
    "dropout": 0.4,
    "bottleneck": false,
    "pooling_type": "avg",
    "pooling_params": {
      "kernel_size": 2
    },
    "conv_params": {
      "kernel_size": 2,
      "stride": 1,
      "padding": 1
    },
    "kw": {}
  },
  "results": {
    "num_epochs": 10,
    "train_loss": [
      1.8543041167259215,
      1.5565839476585388,
      1.4141099286079406,
      1.3107154011726379,
      1.202996190071106,
      1.0972918586730958,
      0.9773126316070556,
      0.851586412191391,
      0.730546886920929,
      0.6097802641391754
    ],
    "train_acc": [
      33.032,
      44.088,
      48.528,
      52.544,
      56.816,
      61.096,
      64.88,
      69.984,
      73.6,
      78.256
    ],
    "test_loss": [
      1.6767028367519379,
      1.4731658034324646,
      1.4658859400749207,
      1.3858901183605195,
      1.3994006625413895,
      1.3378947690725327,
      1.4116726588010788,
      1.461924947977066,
      1.5799437096118927,
      1.6581267964839936
    ],
    "test_acc": [
      41.166666666666664,
      46.733333333333334,
      45.9,
      50.1,
      49.6,
      52.46666666666667,
      52.46666666666667,
      50.6,
      51.43333333333333,
      51.266666666666666
    ]
  }
}