{
  "config": {
    "run_name": "exp1_2",
    "out_dir": "./results",
    "seed": 42,
    "device": null,
    "bs_train": 50,
    "bs_test": 12,
    "batches": 250,
    "epochs": 10,
    "early_stopping": 5,
    "checkpoints": null,
    "lr": 0.001,
    "reg": 0.001,
    "filters_per_layer": [
      32
    ],
    "layers_per_block": 2,
    "pool_every": 3,
    "hidden_dims": [
      100
    ],
    "model_type": "cnn",
    "activation": "relu",
    "activation_params": {},
    "batch_norm": false,
    "dropout": 0.4,
    "bottleneck": false,
    "pooling_type": "avg",
    "pooling_params": {
      "kernel_size": 2
    },
    "conv_params": {
      "kernel_size": 2,
      "stride": 1,
      "padding": 1
    },
    "kw": {}
  },
  "results": {
    "num_epochs": 10,
    "train_loss": [
      1.860661072731018,
      1.543327024936676,
      1.4160374858379363,
      1.3053742771148682,
      1.215230147600174,
      1.1426636323928834,
      1.0664464049339295,
      1.0020341997146607,
      0.9293785972595214,
      0.8544019763469696
    ],
    "train_acc": [
      33.368,
      45.208,
      49.128,
      53.216,
      56.472,
      59.056,
      62.296,
      64.184,
      67.32,
      69.592
    ],
    "test_loss": [
      1.62482870054245,
      1.5144534752368928,
      1.414890811443329,
      1.3721633121967316,
      1.3111206026077271,
      1.30051970911026,
      1.3107578021287918,
      1.2981645543575286,
      1.2891710844039916,
      1.3249117460250854
    ],
    "test_acc": [
      40.96666666666667,
      45.36666666666667,
      47.766666666666666,
      49.9,
      52.733333333333334,
      52.4,
      52.166666666666664,
      54.3,
      53.53333333333333,
      53.53333333333333
    ]
  }
}