{
  "config": {
    "run_name": "exp1_4",
    "out_dir": "./results",
    "seed": 42,
    "device": null,
    "bs_train": 128,
    "bs_test": 32,
    "batches": 250,
    "epochs": 10,
    "early_stopping": 5,
    "checkpoints": null,
    "lr": 0.001,
    "reg": 0.001,
    "filters_per_layer": [
      32
    ],
    "layers_per_block": 8,
    "pool_every": 10,
    "hidden_dims": [
      100
    ],
    "model_type": "resnet",
    "activation": "relu",
    "activation_params": {},
    "batch_norm": false,
    "dropout": 0.4,
    "bottleneck": false,
    "pooling_type": "avg",
    "pooling_params": {
      "kernel_size": 2
    },
    "conv_params": {
      "kernel_size": 2,
      "stride": 1,
      "padding": 1
    },
    "kw": {}
  },
  "results": {
    "num_epochs": 10,
    "train_loss": [
      1.8691826725006104,
      1.6143649640083313,
      1.5377379117012024,
      1.505796706199646,
      1.4716554255485534,
      1.4513224925994872,
      1.4354478931427002,
      1.411822636127472,
      1.393106770992279,
      1.3802697072029113
    ],
    "train_acc": [
      34.50625,
      43.009375,
      45.584375,
      46.609375,
      47.578125,
      48.525,
      49.240625,
      50.00625,
      50.709375,
      51.090625
    ],
    "test_loss": [
      1.642154592037201,
      1.5681933703422546,
      1.5212329702377319,
      1.4906178698539734,
      1.4703375492095947,
      1.467460864543915,
      1.4524902095794678,
      1.4614952178001404,
      1.4372744250297547,
      1.4355305914878844
    ],
    "test_acc": [
      41.4875,
      44.65,
      46.6375,
      47.6375,
      47.2875,
      47.875,
      48.3375,
      47.6,
      48.85,
      48.85
    ]
  }
}