{
  "config": {
    "run_name": "exp1_1",
    "out_dir": "./results",
    "seed": 42,
    "device": null,
    "bs_train": 50,
    "bs_test": 12,
    "batches": 10,
    "epochs": 10,
    "early_stopping": 5,
    "checkpoints": null,
    "lr": 0.001,
    "reg": 0.001,
    "filters_per_layer": [
      64
    ],
    "layers_per_block": 4,
    "pool_every": 3,
    "hidden_dims": [
      100
    ],
    "model_type": "cnn",
    "activation": "relu",
    "activation_params": {},
    "batch_norm": false,
    "dropout": 0.4,
    "bottleneck": false,
    "pooling_type": "avg",
    "pooling_params": {
      "kernel_size": 2
    },
    "kw": {}
  },
  "results": {
    "num_epochs": 10,
    "train_loss": [
      1.652249105811119,
      1.335451689660549,
      1.2055550270676614,
      1.1332306339144707,
      1.0750767053961754,
      1.01850060403347,
      0.9618954933285713,
      0.9180786646008492,
      0.869483489394188,
      0.8237502415776252
    ],
    "train_acc": [
      39.95,
      51.862,
      56.916,
      59.628,
      61.586,
      63.682,
      65.55,
      67.268,
      68.912,
      70.514
    ],
    "test_loss": [
      1.3921376745477856,
      1.3129456346984103,
      1.210188181423169,
      1.1776994969561803,
      1.1320374693444593,
      1.1089822806828886,
      1.08787215156235,
      1.0945524907440876,
      1.0907694353259725,
      1.068765548868574
    ],
    "test_acc": [
      50.12,
      53.08,
      56.33,
      57.64,
      59.3,
      60.27,
      61.33,
      60.67,
      60.99,
      61.86
    ]
  }
}