{
  "config": {
    "run_name": "exp1_2",
    "out_dir": "./results",
    "seed": 42,
    "device": null,
    "bs_train": 50,
    "bs_test": 12,
    "batches": 250,
    "epochs": 10,
    "early_stopping": 5,
    "checkpoints": null,
    "lr": 0.001,
    "reg": 0.001,
    "filters_per_layer": [
      64
    ],
    "layers_per_block": 2,
    "pool_every": 3,
    "hidden_dims": [
      100
    ],
    "model_type": "cnn",
    "activation": "relu",
    "activation_params": {},
    "batch_norm": false,
    "dropout": 0.4,
    "bottleneck": false,
    "pooling_type": "avg",
    "pooling_params": {
      "kernel_size": 2
    },
    "conv_params": {
      "kernel_size": 2,
      "stride": 1,
      "padding": 1
    },
    "kw": {}
  },
  "results": {
    "num_epochs": 10,
    "train_loss": [
      1.8231303935050964,
      1.5368114619255067,
      1.4084362497329712,
      1.3100436644554139,
      1.2401969809532165,
      1.1709050323963166,
      1.1036107938289643,
      1.0467278089523315,
      0.9657318494319915,
      0.8906663506031036
    ],
    "train_acc": [
      33.976,
      45.256,
      49.272,
      52.952,
      55.752,
      58.024,
      60.752,
      62.768,
      65.6,
      68.432
    ],
    "test_loss": [
      1.629010055065155,
      1.4505829563140868,
      1.439052134037018,
      1.3999823050498963,
      1.4141879861354827,
      1.360907958984375,
      1.3788071281909942,
      1.4170276644229889,
      1.3830787633657455,
      1.3658940199613572
    ],
    "test_acc": [
      41.2,
      48.5,
      46.93333333333333,
      49.06666666666667,
      49.1,
      50.56666666666667,
      50.43333333333333,
      48.9,
      50.86666666666667,
      52.166666666666664
    ]
  }
}