{
  "config": {
    "run_name": "exp1_4",
    "out_dir": "./results",
    "seed": 42,
    "device": null,
    "bs_train": 128,
    "bs_test": 32,
    "batches": 250,
    "epochs": 10,
    "early_stopping": 5,
    "checkpoints": null,
    "lr": 0.001,
    "reg": 0.001,
    "filters_per_layer": [
      64,
      128,
      256
    ],
    "layers_per_block": 2,
    "pool_every": 10,
    "hidden_dims": [
      100
    ],
    "model_type": "resnet",
    "activation": "relu",
    "activation_params": {},
    "batch_norm": false,
    "dropout": 0.4,
    "bottleneck": false,
    "pooling_type": "avg",
    "pooling_params": {
      "kernel_size": 2
    },
    "conv_params": {
      "kernel_size": 2,
      "stride": 1,
      "padding": 1
    },
    "kw": {}
  },
  "results": {
    "num_epochs": 10,
    "train_loss": [
      2.435913948059082,
      2.286606572151184,
      1.852986180782318,
      1.552966998577118,
      1.4096820979118347,
      1.3074308471679688,
      1.2150693967342376,
      1.1380278160572053,
      1.0593870203495026,
      0.9878740298748017
    ],
    "train_acc": [
      10.403125,
      13.16875,
      33.934375,
      44.228125,
      49.471875,
      53.571875,
      56.740625,
      60.053125,
      62.740625,
      65.540625
    ],
    "test_loss": [
      2.3028684797286987,
      2.1645441989898684,
      1.6220751194953917,
      1.44965456533432,
      1.3669269580841064,
      1.297825964450836,
      1.2163069019317627,
      1.2682785151004792,
      1.1815999193191529,
      1.1753112914562225
    ],
    "test_acc": [
      9.8875,
      22.325,
      41.1625,
      47.4625,
      50.5875,
      53.975,
      56.9,
      55.5125,
      57.925,
      58.25
    ]
  }
}