{
  "config": {
    "run_name": "exp1_4",
    "out_dir": "./results",
    "seed": 42,
    "device": null,
    "bs_train": 128,
    "bs_test": 32,
    "batches": 250,
    "epochs": 10,
    "early_stopping": 5,
    "checkpoints": null,
    "lr": 0.001,
    "reg": 0.001,
    "filters_per_layer": [
      32
    ],
    "layers_per_block": 16,
    "pool_every": 10,
    "hidden_dims": [
      100
    ],
    "model_type": "resnet",
    "activation": "relu",
    "activation_params": {},
    "batch_norm": false,
    "dropout": 0.4,
    "bottleneck": false,
    "pooling_type": "avg",
    "pooling_params": {
      "kernel_size": 2
    },
    "conv_params": {
      "kernel_size": 2,
      "stride": 1,
      "padding": 1
    },
    "kw": {}
  },
  "results": {
    "num_epochs": 10,
    "train_loss": [
      1.8533042778968811,
      1.6540001196861267,
      1.5756723709106446,
      1.5298937816619873,
      1.4964383969306945,
      1.4673444905281068,
      1.4494209628105164,
      1.4202631673812867,
      1.4055892238616943,
      1.3889490337371826
    ],
    "train_acc": [
      33.953125,
      41.2375,
      43.8625,
      45.70625,
      46.840625,
      48.096875,
      48.8125,
      49.625,
      50.50625,
      50.728125
    ],
    "test_loss": [
      1.6938440322875976,
      1.595665638923645,
      1.5821043105125427,
      1.5376394391059875,
      1.4841878209114074,
      1.480234133720398,
      1.4518134241104126,
      1.4456005597114563,
      1.4350866403579712,
      1.4094882822036743
    ],
    "test_acc": [
      40.45,
      43.75,
      44.1375,
      45.125,
      47.1375,
      47.4,
      48.9,
      48.4,
      48.325,
      50.0
    ]
  }
}