{
  "config": {
    "run_name": "exp1_4",
    "out_dir": "./results",
    "seed": 42,
    "device": null,
    "bs_train": 128,
    "bs_test": 32,
    "batches": 250,
    "epochs": 10,
    "early_stopping": 5,
    "checkpoints": null,
    "lr": 0.001,
    "reg": 0.001,
    "filters_per_layer": [
      32
    ],
    "layers_per_block": 32,
    "pool_every": 10,
    "hidden_dims": [
      100
    ],
    "model_type": "resnet",
    "activation": "relu",
    "activation_params": {},
    "batch_norm": false,
    "dropout": 0.4,
    "bottleneck": false,
    "pooling_type": "avg",
    "pooling_params": {
      "kernel_size": 2
    },
    "conv_params": {
      "kernel_size": 2,
      "stride": 1,
      "padding": 1
    },
    "kw": {}
  },
  "results": {
    "num_epochs": 10,
    "train_loss": [
      2.0289471673965456,
      1.8285860657691955,
      1.7365459938049317,
      1.6771320457458496,
      1.636360146522522,
      1.607024830341339,
      1.5789021010398865,
      1.5564268860816957,
      1.539484263420105,
      1.521625355243683
    ],
    "train_acc": [
      25.5375,
      33.71875,
      37.5,
      39.4625,
      40.74375,
      42.065625,
      43.275,
      43.88125,
      44.30625,
      45.35625
    ],
    "test_loss": [
      1.8618750791549683,
      1.7200968751907348,
      1.647718168258667,
      1.6106443600654603,
      1.5822329750061035,
      1.5436998391151429,
      1.5131440649032593,
      1.5084389295578002,
      1.5124628305435182,
      1.468954475402832
    ],
    "test_acc": [
      33.3375,
      39.275,
      40.6875,
      41.6125,
      42.7125,
      44.1375,
      45.0375,
      45.9125,
      45.5625,
      47.3
    ]
  }
}