{
  "config": {
    "run_name": "exp1_2",
    "out_dir": "./results",
    "seed": 42,
    "device": null,
    "bs_train": 50,
    "bs_test": 12,
    "batches": 250,
    "epochs": 10,
    "early_stopping": 5,
    "checkpoints": null,
    "lr": 0.001,
    "reg": 0.001,
    "filters_per_layer": [
      64
    ],
    "layers_per_block": 4,
    "pool_every": 3,
    "hidden_dims": [
      100
    ],
    "model_type": "cnn",
    "activation": "relu",
    "activation_params": {},
    "batch_norm": false,
    "dropout": 0.4,
    "bottleneck": false,
    "pooling_type": "avg",
    "pooling_params": {
      "kernel_size": 2
    },
    "conv_params": {
      "kernel_size": 2,
      "stride": 1,
      "padding": 1
    },
    "kw": {}
  },
  "results": {
    "num_epochs": 10,
    "train_loss": [
      1.8952917385101318,
      1.6115698385238648,
      1.4893810222148895,
      1.4077050433158875,
      1.3232122745513917,
      1.253513808965683,
      1.2002910795211792,
      1.1359620432853699,
      1.0607128155231476,
      0.9971212174892425
    ],
    "train_acc": [
      31.296,
      42.128,
      46.944,
      48.952,
      52.68,
      55.36,
      56.544,
      59.552,
      61.848,
      64.52
    ],
    "test_loss": [
      1.6715340852737426,
      1.5830872666835785,
      1.5119347636699676,
      1.4156098051071166,
      1.4543157119750976,
      1.4084837572574616,
      1.3744847576618195,
      1.36113523709774,
      1.4287270916700363,
      1.4590584180355073
    ],
    "test_acc": [
      41.63333333333333,
      44.0,
      47.36666666666667,
      49.7,
      48.13333333333333,
      49.96666666666667,
      51.3,
      51.733333333333334,
      51.1,
      51.166666666666664
    ]
  }
}