{
  "config": {
    "run_name": "exp1_2",
    "out_dir": "./results",
    "seed": 42,
    "device": null,
    "bs_train": 50,
    "bs_test": 12,
    "batches": 10,
    "epochs": 10,
    "early_stopping": 5,
    "checkpoints": null,
    "lr": 0.001,
    "reg": 0.001,
    "filters_per_layer": [
      32
    ],
    "layers_per_block": 4,
    "pool_every": 3,
    "hidden_dims": [
      100
    ],
    "model_type": "cnn",
    "activation": "relu",
    "activation_params": {},
    "batch_norm": false,
    "dropout": 0.4,
    "bottleneck": false,
    "pooling_type": "avg",
    "pooling_params": {
      "kernel_size": 2
    },
    "kw": {}
  },
  "results": {
    "num_epochs": 10,
    "train_loss": [
      1.6796095970869065,
      1.3640186569094659,
      1.2332597773075105,
      1.1642620022296906,
      1.1078295279741288,
      1.0552059084177017,
      0.9849993619918823,
      0.9125667674541473,
      0.8594196586310864,
      0.8109651144146919
    ],
    "train_acc": [
      39.194,
      50.708,
      55.668,
      58.14,
      60.414,
      62.328,
      64.928,
      67.388,
      69.316,
      71.144
    ],
    "test_loss": [
      1.4632118852447262,
      1.2833514178185155,
      1.2453689732783133,
      1.1864870139877859,
      1.1972911966790398,
      1.1909498773890435,
      1.0900776337662474,
      1.1029392952541652,
      1.0871764419676302,
      1.044687912350507
    ],
    "test_acc": [
      46.3,
      53.43,
      54.84,
      56.95,
      56.58,
      58.02,
      61.25,
      61.64,
      61.65,
      63.41
    ]
  }
}