{
  "config": {
    "run_name": "exp1_1",
    "out_dir": "./results",
    "seed": 42,
    "device": null,
    "bs_train": 50,
    "bs_test": 12,
    "batches": 250,
    "epochs": 10,
    "early_stopping": 5,
    "checkpoints": null,
    "lr": 0.001,
    "reg": 0.001,
    "filters_per_layer": [
      64
    ],
    "layers_per_block": 4,
    "pool_every": 3,
    "hidden_dims": [
      100
    ],
    "model_type": "cnn",
    "activation": "relu",
    "activation_params": {},
    "batch_norm": false,
    "dropout": 0.4,
    "bottleneck": false,
    "pooling_type": "avg",
    "pooling_params": {
      "kernel_size": 2
    },
    "conv_params": {
      "kernel_size": 2,
      "stride": 1,
      "padding": 1
    },
    "kw": {}
  },
  "results": {
    "num_epochs": 10,
    "train_loss": [
      1.8972081379890442,
      1.6139445967674255,
      1.4971880955696106,
      1.4180830821990966,
      1.3394109089374542,
      1.2682233109474181,
      1.2137836089134217,
      1.1486707737445832,
      1.078964578151703,
      1.0146846566200256
    ],
    "train_acc": [
      31.04,
      41.864,
      46.544,
      48.352,
      52.16,
      54.784,
      56.448,
      58.928,
      61.176,
      63.968
    ],
    "test_loss": [
      1.6661640777587892,
      1.5958079564571381,
      1.5146679491996766,
      1.4466816120147705,
      1.434914921283722,
      1.4387937211990356,
      1.3941672616004943,
      1.3922216229438782,
      1.4334291722774506,
      1.4278790826797485
    ],
    "test_acc": [
      41.7,
      43.8,
      47.4,
      48.333333333333336,
      48.9,
      49.36666666666667,
      50.833333333333336,
      50.96666666666667,
      50.36666666666667,
      51.5
    ]
  }
}