{
  "config": {
    "run_name": "exp1_4",
    "out_dir": "./results",
    "seed": 42,
    "device": null,
    "bs_train": 128,
    "bs_test": 32,
    "batches": 250,
    "epochs": 10,
    "early_stopping": 5,
    "checkpoints": null,
    "lr": 0.001,
    "reg": 0.001,
    "filters_per_layer": [
      64,
      128,
      256
    ],
    "layers_per_block": 8,
    "pool_every": 10,
    "hidden_dims": [
      100
    ],
    "model_type": "resnet",
    "activation": "relu",
    "activation_params": {},
    "batch_norm": false,
    "dropout": 0.4,
    "bottleneck": false,
    "pooling_type": "avg",
    "pooling_params": {
      "kernel_size": 2
    },
    "conv_params": {
      "kernel_size": 2,
      "stride": 1,
      "padding": 1
    },
    "kw": {}
  },
  "results": {
    "num_epochs": 10,
    "train_loss": [
      1.8075586171150209,
      1.5707496242523193,
      1.4854263529777527,
      1.4353098134994506,
      1.400352704524994,
      1.366736542224884,
      1.3369269118309022,
      1.313292065143585,
      1.2955119848251342,
      1.280466106891632
    ],
    "train_acc": [
      35.509375,
      44.225,
      46.98125,
      48.546875,
      49.74375,
      51.11875,
      52.246875,
      53.23125,
      53.353125,
      54.015625
    ],
    "test_loss": [
      1.6063009505271912,
      1.4815737624168397,
      1.4364319877624512,
      1.3935850908756255,
      1.3999340553283692,
      1.3697158522605897,
      1.3681311922073365,
      1.3031029314994813,
      1.3459125022888183,
      1.2932545263767243
    ],
    "test_acc": [
      43.5375,
      47.225,
      48.0375,
      50.4625,
      49.475,
      50.675,
      50.5375,
      53.175,
      51.35,
      53.3625
    ]
  }
}