{
  "config": {
    "run_name": "exp1_2",
    "out_dir": "./results",
    "seed": 42,
    "device": null,
    "bs_train": 50,
    "bs_test": 12,
    "batches": 250,
    "epochs": 10,
    "early_stopping": 5,
    "checkpoints": null,
    "lr": 0.001,
    "reg": 0.001,
    "filters_per_layer": [
      64
    ],
    "layers_per_block": 8,
    "pool_every": 3,
    "hidden_dims": [
      100
    ],
    "model_type": "cnn",
    "activation": "relu",
    "activation_params": {},
    "batch_norm": false,
    "dropout": 0.4,
    "bottleneck": false,
    "pooling_type": "avg",
    "pooling_params": {
      "kernel_size": 2
    },
    "conv_params": {
      "kernel_size": 2,
      "stride": 1,
      "padding": 1
    },
    "kw": {}
  },
  "results": {
    "num_epochs": 6,
    "train_loss": [
      2.30388494682312,
      2.3029233026504516,
      2.30264933013916,
      2.302518738746643,
      2.30255761051178,
      2.302606466293335,
      2.302527973175049
    ],
    "train_acc": [
      10.152,
      10.208,
      10.04,
      9.888,
      9.816,
      10.136,
      9.56
    ],
    "test_loss": [
      2.302201376914978,
      2.30219951915741,
      2.302314247131348,
      2.3023024311065674,
      2.30231313419342,
      2.3023279447555542,
      2.3023613033294676
    ],
    "test_acc": [
      9.966666666666667,
      10.6,
      10.233333333333333,
      10.533333333333333,
      10.533333333333333,
      10.533333333333333,
      10.533333333333333
    ]
  }
}