{
  "config": {
    "run_name": "exp1_2",
    "out_dir": "./results",
    "seed": 42,
    "device": null,
    "bs_train": 50,
    "bs_test": 12,
    "batches": 10,
    "epochs": 10,
    "early_stopping": 5,
    "checkpoints": null,
    "lr": 0.001,
    "reg": 0.001,
    "filters_per_layer": [
      64
    ],
    "layers_per_block": 2,
    "pool_every": 3,
    "hidden_dims": [
      100
    ],
    "model_type": "cnn",
    "activation": "relu",
    "activation_params": {},
    "batch_norm": false,
    "dropout": 0.4,
    "bottleneck": false,
    "pooling_type": "avg",
    "pooling_params": {
      "kernel_size": 2
    },
    "kw": {}
  },
  "results": {
    "num_epochs": 10,
    "train_loss": [
      1.5524974794387818,
      1.3213687334060669,
      1.2230639052987098,
      1.1582504685521127,
      1.113452578485012,
      1.0593801212012768,
      1.018728068292141,
      0.9770251695513725,
      0.9397589040994644,
      0.8954364867806435
    ],
    "train_acc": [
      43.996,
      52.59,
      56.364,
      58.918,
      60.382,
      62.448,
      63.706,
      65.408,
      66.774,
      68.492
    ],
    "test_loss": [
      1.3556823010067287,
      1.2507777074686914,
      1.2072180023224806,
      1.1724465503681192,
      1.2096534904530294,
      1.2111895854810444,
      1.115083787474129,
      1.1233034706015668,
      1.107819034112729,
      1.0762451655751795
    ],
    "test_acc": [
      50.89,
      54.84,
      56.72,
      58.22,
      56.51,
      56.61,
      60.23,
      59.67,
      60.58,
      62.42
    ]
  }
}