{
  "config": {
    "run_name": "exp1_1",
    "out_dir": "./results",
    "seed": 42,
    "device": null,
    "bs_train": 50,
    "bs_test": 12,
    "batches": 250,
    "epochs": 10,
    "early_stopping": 5,
    "checkpoints": null,
    "lr": 0.001,
    "reg": 0.001,
    "filters_per_layer": [
      32
    ],
    "layers_per_block": 2,
    "pool_every": 3,
    "hidden_dims": [
      100
    ],
    "model_type": "cnn",
    "activation": "relu",
    "activation_params": {},
    "batch_norm": false,
    "dropout": 0.4,
    "bottleneck": false,
    "pooling_type": "avg",
    "pooling_params": {
      "kernel_size": 2
    },
    "conv_params": {
      "kernel_size": 2,
      "stride": 1,
      "padding": 1
    },
    "kw": {}
  },
  "results": {
    "num_epochs": 10,
    "train_loss": [
      1.860648868560791,
      1.5470839095115663,
      1.4171331520080566,
      1.3091639251708984,
      1.2183047342300415,
      1.1463269028663636,
      1.0684262561798095,
      1.0092634820938111,
      0.9317830047607422,
      0.8683371086120606
    ],
    "train_acc": [
      33.344,
      45.072,
      48.936,
      52.984,
      56.056,
      58.744,
      62.08,
      64.04,
      67.0,
      69.304
    ],
    "test_loss": [
      1.6360795285701752,
      1.5105940234661102,
      1.4221481733322143,
      1.3668952403068542,
      1.3085034618377684,
      1.313756617307663,
      1.2985975719690324,
      1.297620699286461,
      1.2814333740472794,
      1.3251083426475525
    ],
    "test_acc": [
      41.13333333333333,
      45.56666666666667,
      46.766666666666666,
      49.666666666666664,
      53.5,
      51.7,
      53.86666666666667,
      53.9,
      53.63333333333333,
      52.96666666666667
    ]
  }
}