{
  "config": {
    "run_name": "exp1_1",
    "out_dir": "./results",
    "seed": 42,
    "device": null,
    "bs_train": 50,
    "bs_test": 12,
    "batches": 250,
    "epochs": 10,
    "early_stopping": 5,
    "checkpoints": null,
    "lr": 0.001,
    "reg": 0.001,
    "filters_per_layer": [
      64
    ],
    "layers_per_block": 2,
    "pool_every": 3,
    "hidden_dims": [
      100
    ],
    "model_type": "cnn",
    "activation": "relu",
    "activation_params": {},
    "batch_norm": false,
    "dropout": 0.4,
    "bottleneck": false,
    "pooling_type": "avg",
    "pooling_params": {
      "kernel_size": 2
    },
    "conv_params": {
      "kernel_size": 2,
      "stride": 1,
      "padding": 1
    },
    "kw": {}
  },
  "results": {
    "num_epochs": 10,
    "train_loss": [
      1.8256822848320007,
      1.5383722393512727,
      1.4079171571731568,
      1.3089061102867126,
      1.2375992603302002,
      1.1705067806243896,
      1.0971313192844392,
      1.046672913312912,
      0.9643431737422943,
      0.887112381696701
    ],
    "train_acc": [
      34.152,
      45.184,
      49.336,
      53.224,
      55.84,
      58.168,
      61.04,
      62.576,
      65.432,
      68.688
    ],
    "test_loss": [
      1.6455933480262757,
      1.4628289625644684,
      1.4390287775993347,
      1.401079306602478,
      1.4133524281978607,
      1.357817875146866,
      1.379238404750824,
      1.362974000453949,
      1.3812999750375747,
      1.3772453708648682
    ],
    "test_acc": [
      41.36666666666667,
      48.06666666666667,
      47.56666666666667,
      49.06666666666667,
      49.0,
      51.0,
      50.0,
      50.8,
      50.53333333333333,
      52.36666666666667
    ]
  }
}