{
  "config": {
    "run_name": "exp1_2",
    "out_dir": "./results",
    "seed": 42,
    "device": null,
    "bs_train": 50,
    "bs_test": 12,
    "batches": 10,
    "epochs": 10,
    "early_stopping": 5,
    "checkpoints": null,
    "lr": 0.001,
    "reg": 0.001,
    "filters_per_layer": [
      32
    ],
    "layers_per_block": 2,
    "pool_every": 3,
    "hidden_dims": [
      100
    ],
    "model_type": "cnn",
    "activation": "relu",
    "activation_params": {},
    "batch_norm": false,
    "dropout": 0.4,
    "bottleneck": false,
    "pooling_type": "avg",
    "pooling_params": {
      "kernel_size": 2
    },
    "kw": {}
  },
  "results": {
    "num_epochs": 10,
    "train_loss": [
      1.5863762601613998,
      1.3183821308612824,
      1.2185135172605515,
      1.157811188161373,
      1.1082606235146522,
      1.0644783084392548,
      1.0267847170829774,
      0.9913166137933731,
      0.9585792233943939,
      0.9252814148962498
    ],
    "train_acc": [
      43.1,
      52.366,
      56.35,
      58.678,
      60.25,
      62.104,
      63.468,
      64.702,
      66.034,
      67.272
    ],
    "test_loss": [
      1.3729989833111385,
      1.2765967558971125,
      1.2228246956563396,
      1.234053189377133,
      1.1451523160334114,
      1.1197076373391872,
      1.1158128212467373,
      1.0942187417897102,
      1.0720243382868435,
      1.0598110490136867
    ],
    "test_acc": [
      50.03,
      53.15,
      55.91,
      55.69,
      58.02,
      59.94,
      59.99,
      61.14,
      62.15,
      62.03
    ]
  }
}