{
  "config": {
    "run_name": "exp1_2",
    "out_dir": "./results",
    "seed": 42,
    "device": null,
    "bs_train": 50,
    "bs_test": 12,
    "batches": 250,
    "epochs": 10,
    "early_stopping": 5,
    "checkpoints": null,
    "lr": 0.001,
    "reg": 0.001,
    "filters_per_layer": [
      128
    ],
    "layers_per_block": 8,
    "pool_every": 3,
    "hidden_dims": [
      100
    ],
    "model_type": "cnn",
    "activation": "relu",
    "activation_params": {},
    "batch_norm": false,
    "dropout": 0.4,
    "bottleneck": false,
    "pooling_type": "avg",
    "pooling_params": {
      "kernel_size": 2
    },
    "conv_params": {
      "kernel_size": 2,
      "stride": 1,
      "padding": 1
    },
    "kw": {}
  },
  "results": {
    "num_epochs": 5,
    "train_loss": [
      2.30393279838562,
      2.3030398368835447,
      2.3026612796783446,
      2.3025451822280885,
      2.302491537094116,
      2.3025173225402833
    ],
    "train_acc": [
      10.216,
      10.048,
      10.064,
      10.136,
      10.184,
      10.12
    ],
    "test_loss": [
      2.303210030555725,
      2.3027065305709837,
      2.3025314178466796,
      2.3024973621368408,
      2.30241081905365,
      2.3024117555618284
    ],
    "test_acc": [
      10.6,
      10.233333333333333,
      10.233333333333333,
      10.233333333333333,
      10.233333333333333,
      10.233333333333333
    ]
  }
}