{
  "config": {
    "run_name": "exp1_2",
    "out_dir": "./results",
    "seed": 42,
    "device": null,
    "bs_train": 50,
    "bs_test": 12,
    "batches": 10,
    "epochs": 10,
    "early_stopping": 5,
    "checkpoints": null,
    "lr": 0.001,
    "reg": 0.001,
    "filters_per_layer": [
      128
    ],
    "layers_per_block": 2,
    "pool_every": 3,
    "hidden_dims": [
      100
    ],
    "model_type": "cnn",
    "activation": "relu",
    "activation_params": {},
    "batch_norm": false,
    "dropout": 0.4,
    "bottleneck": false,
    "pooling_type": "avg",
    "pooling_params": {
      "kernel_size": 2
    },
    "kw": {}
  },
  "results": {
    "num_epochs": 10,
    "train_loss": [
      1.6425466738939285,
      1.3819272545576096,
      1.319722600698471,
      1.2656963030695916,
      1.2095811953544617,
      1.1640540783405304,
      1.1313311282396317,
      1.1020734273791313,
      1.0753155694007874,
      1.0487845475673676
    ],
    "train_acc": [
      40.75,
      50.482,
      52.46,
      54.494,
      56.766,
      58.172,
      59.624,
      60.594,
      61.772,
      62.648
    ],
    "test_loss": [
      1.50893260785144,
      1.3432410701001576,
      1.336297112903435,
      1.2674800975860165,
      1.219735936974164,
      1.2613261175527275,
      1.2195606378914354,
      1.2059052071983007,
      1.2134272196024156,
      1.1694296033119411
    ],
    "test_acc": [
      46.34,
      51.55,
      52.23,
      54.5,
      56.12,
      54.7,
      56.47,
      56.75,
      56.43,
      58.11
    ]
  }
}