{
  "config": {
    "run_name": "exp1_3",
    "out_dir": "./results",
    "seed": 42,
    "device": null,
    "bs_train": 128,
    "bs_test": 32,
    "batches": 250,
    "epochs": 10,
    "early_stopping": 5,
    "checkpoints": null,
    "lr": 0.001,
    "reg": 0.001,
    "filters_per_layer": [
      64,
      128
    ],
    "layers_per_block": 3,
    "pool_every": 3,
    "hidden_dims": [
      100
    ],
    "model_type": "cnn",
    "activation": "relu",
    "activation_params": {},
    "batch_norm": false,
    "dropout": 0.4,
    "bottleneck": false,
    "pooling_type": "avg",
    "pooling_params": {
      "kernel_size": 2
    },
    "conv_params": {
      "kernel_size": 2,
      "stride": 1,
      "padding": 1
    },
    "kw": {}
  },
  "results": {
    "num_epochs": 6,
    "train_loss": [
      2.3034734296798707,
      2.3030059080123904,
      2.30276518535614,
      2.3027224740982057,
      2.3027213563919067,
      2.3027116041183473,
      2.3026900091171263
    ],
    "train_acc": [
      9.91875,
      9.928125,
      9.9125,
      9.84375,
      9.715625,
      9.83125,
      9.875
    ],
    "test_loss": [
      2.3030691862106325,
      2.3026098585128785,
      2.3026977043151855,
      2.302679657936096,
      2.302631341934204,
      2.302627601623535,
      2.302657476425171
    ],
    "test_acc": [
      9.8875,
      10.1625,
      9.9625,
      9.8625,
      9.9625,
      10.1625,
      10.0
    ]
  }
}