{
  "config": {
    "run_name": "exp1_4",
    "out_dir": "./results",
    "seed": 42,
    "device": null,
    "bs_train": 128,
    "bs_test": 32,
    "batches": 250,
    "epochs": 10,
    "early_stopping": 5,
    "checkpoints": null,
    "lr": 0.001,
    "reg": 0.001,
    "filters_per_layer": [
      64,
      128,
      256
    ],
    "layers_per_block": 4,
    "pool_every": 10,
    "hidden_dims": [
      100
    ],
    "model_type": "resnet",
    "activation": "relu",
    "activation_params": {},
    "batch_norm": false,
    "dropout": 0.4,
    "bottleneck": false,
    "pooling_type": "avg",
    "pooling_params": {
      "kernel_size": 2
    },
    "conv_params": {
      "kernel_size": 2,
      "stride": 1,
      "padding": 1
    },
    "kw": {}
  },
  "results": {
    "num_epochs": 10,
    "train_loss": [
      1.747562201976776,
      1.3917683258056641,
      1.266481929063797,
      1.1780469298362732,
      1.0787630932331085,
      0.9922262032032013,
      0.903492244720459,
      0.8268765771389007,
      0.7525352028608322,
      0.6775097974538803
    ],
    "train_acc": [
      37.803125,
      50.075,
      54.521875,
      58.1375,
      61.50625,
      64.859375,
      68.06875,
      70.946875,
      73.35,
      75.9625
    ],
    "test_loss": [
      1.4829462428092957,
      1.2811013720035553,
      1.230669181585312,
      1.2229431004524232,
      1.1332534494400024,
      1.0821283025741577,
      1.0656735832691193,
      1.0789894435405731,
      1.1150967061519623,
      1.1333205347061157
    ],
    "test_acc": [
      46.3,
      53.775,
      55.4125,
      56.6375,
      59.275,
      61.425,
      61.8125,
      61.9,
      61.575,
      62.0125
    ]
  }
}