{
  "config": {
    "run_name": "exp1_1",
    "out_dir": "./results",
    "seed": 42,
    "device": null,
    "bs_train": 50,
    "bs_test": 12,
    "batches": 10,
    "epochs": 10,
    "early_stopping": 5,
    "checkpoints": null,
    "lr": 0.001,
    "reg": 0.001,
    "filters_per_layer": [
      32
    ],
    "layers_per_block": 4,
    "pool_every": 3,
    "hidden_dims": [
      100
    ],
    "model_type": "cnn",
    "activation": "relu",
    "activation_params": {},
    "batch_norm": false,
    "dropout": 0.4,
    "bottleneck": false,
    "pooling_type": "avg",
    "pooling_params": {
      "kernel_size": 2
    },
    "kw": {}
  },
  "results": {
    "num_epochs": 10,
    "train_loss": [
      1.674654812335968,
      1.366148270905018,
      1.231176867544651,
      1.15797638130188,
      1.097808771967888,
      1.0455644873976708,
      0.9828410719633103,
      0.9171502469480037,
      0.8593320532441139,
      0.8044787653386593
    ],
    "train_acc": [
      39.372,
      50.66,
      55.722,
      58.664,
      60.868,
      62.794,
      64.876,
      67.43,
      69.558,
      71.398
    ],
    "test_loss": [
      1.4630049314144418,
      1.2930984583547076,
      1.2246553636283326,
      1.1760173880582234,
      1.1806480990682575,
      1.1831803156031693,
      1.1116213350416086,
      1.096223513106648,
      1.0795908345342826,
      1.0544967953142503
    ],
    "test_acc": [
      46.51,
      53.07,
      56.22,
      57.6,
      57.58,
      57.46,
      60.64,
      61.17,
      62.17,
      62.61
    ]
  }
}