{
  "config": {
    "run_name": "exp1_3",
    "out_dir": "./results",
    "seed": 42,
    "device": null,
    "bs_train": 128,
    "bs_test": 32,
    "batches": 250,
    "epochs": 10,
    "early_stopping": 5,
    "checkpoints": null,
    "lr": 0.001,
    "reg": 0.001,
    "filters_per_layer": [
      64,
      128
    ],
    "layers_per_block": 4,
    "pool_every": 3,
    "hidden_dims": [
      100
    ],
    "model_type": "cnn",
    "activation": "relu",
    "activation_params": {},
    "batch_norm": false,
    "dropout": 0.4,
    "bottleneck": false,
    "pooling_type": "avg",
    "pooling_params": {
      "kernel_size": 2
    },
    "conv_params": {
      "kernel_size": 2,
      "stride": 1,
      "padding": 1
    },
    "kw": {}
  },
  "results": {
    "num_epochs": 6,
    "train_loss": [
      2.3034074239730833,
      2.3028582277297973,
      2.30273125743866,
      2.302688807487488,
      2.3026630048751833,
      2.3027232522964476,
      2.3026847400665282
    ],
    "train_acc": [
      9.7875,
      9.975,
      9.815625,
      9.7625,
      9.946875,
      9.98125,
      9.85625
    ],
    "test_loss": [
      2.3026848487854004,
      2.3026044340133667,
      2.30260390663147,
      2.3025884132385253,
      2.302571099281311,
      2.302597039222717,
      2.3026520929336547
    ],
    "test_acc": [
      10.0125,
      10.1625,
      10.1625,
      10.1625,
      10.1625,
      10.1625,
      10.1625
    ]
  }
}