{
  "config": {
    "run_name": "exp1_1",
    "out_dir": "./results",
    "seed": 42,
    "device": null,
    "bs_train": 50,
    "bs_test": 12,
    "batches": 10,
    "epochs": 10,
    "early_stopping": 5,
    "checkpoints": null,
    "lr": 0.001,
    "reg": 0.001,
    "filters_per_layer": [
      32
    ],
    "layers_per_block": 2,
    "pool_every": 3,
    "hidden_dims": [
      100
    ],
    "model_type": "cnn",
    "activation": "relu",
    "activation_params": {},
    "batch_norm": false,
    "dropout": 0.4,
    "bottleneck": false,
    "pooling_type": "avg",
    "pooling_params": {
      "kernel_size": 2
    },
    "kw": {}
  },
  "results": {
    "num_epochs": 10,
    "train_loss": [
      1.5858515080213547,
      1.3196178491711616,
      1.2211363625526428,
      1.1543256404995919,
      1.1054115458130835,
      1.0591757998466491,
      1.022778782427311,
      0.9836340960264206,
      0.9521626821160316,
      0.9154601969122886
    ],
    "train_acc": [
      42.994,
      52.544,
      56.254,
      58.648,
      60.54,
      62.312,
      63.492,
      64.944,
      66.236,
      67.73
    ],
    "test_loss": [
      1.3826732390361438,
      1.259751036906128,
      1.2354675713631746,
      1.2246003591899963,
      1.149384995766109,
      1.1045624100618796,
      1.1036818501689165,
      1.0788262720874173,
      1.0738728433418616,
      1.0585115980044257
    ],
    "test_acc": [
      49.77,
      54.42,
      55.49,
      56.19,
      58.52,
      60.76,
      60.17,
      61.68,
      62.27,
      62.67
    ]
  }
}