{
  "config": {
    "run_name": "exp1_2",
    "out_dir": "./results",
    "seed": 42,
    "device": null,
    "bs_train": 50,
    "bs_test": 12,
    "batches": 250,
    "epochs": 10,
    "early_stopping": 5,
    "checkpoints": null,
    "lr": 0.001,
    "reg": 0.001,
    "filters_per_layer": [
      128
    ],
    "layers_per_block": 2,
    "pool_every": 3,
    "hidden_dims": [
      100
    ],
    "model_type": "cnn",
    "activation": "relu",
    "activation_params": {},
    "batch_norm": false,
    "dropout": 0.4,
    "bottleneck": false,
    "pooling_type": "avg",
    "pooling_params": {
      "kernel_size": 2
    },
    "conv_params": {
      "kernel_size": 2,
      "stride": 1,
      "padding": 1
    },
    "kw": {}
  },
  "results": {
    "num_epochs": 10,
    "train_loss": [
      1.9191058735847473,
      1.5927553572654725,
      1.4803567910194397,
      1.4004259595870971,
      1.344642596244812,
      1.276332080602646,
      1.2218884420394898,
      1.1566391425132752,
      1.0899102485179901,
      1.0275673189163208
    ],
    "train_acc": [
      31.88,
      42.992,
      47.344,
      50.376,
      52.28,
      54.576,
      56.52,
      58.152,
      61.32,
      63.064
    ],
    "test_loss": [
      1.6247784407138826,
      1.5672289381027222,
      1.5175516805648803,
      1.493699392080307,
      1.4807778794765472,
      1.462363769054413,
      1.4659647154808044,
      1.4494829473495483,
      1.4703166766166686,
      1.4814122285842894
    ],
    "test_acc": [
      41.36666666666667,
      42.93333333333333,
      45.8,
      46.13333333333333,
      45.96666666666667,
      47.5,
      48.233333333333334,
      48.666666666666664,
      48.233333333333334,
      48.233333333333334
    ]
  }
}