{
  "config": {
    "run_name": "exp1_1",
    "out_dir": "./results",
    "seed": 42,
    "device": null,
    "bs_train": 50,
    "bs_test": 12,
    "batches": 250,
    "epochs": 10,
    "early_stopping": 5,
    "checkpoints": null,
    "lr": 0.001,
    "reg": 0.001,
    "filters_per_layer": [
      32
    ],
    "layers_per_block": 4,
    "pool_every": 3,
    "hidden_dims": [
      100
    ],
    "model_type": "cnn",
    "activation": "relu",
    "activation_params": {},
    "batch_norm": false,
    "dropout": 0.4,
    "bottleneck": false,
    "pooling_type": "avg",
    "pooling_params": {
      "kernel_size": 2
    },
    "conv_params": {
      "kernel_size": 2,
      "stride": 1,
      "padding": 1
    },
    "kw": {}
  },
  "results": {
    "num_epochs": 10,
    "train_loss": [
      1.990811040878296,
      1.6838292870521545,
      1.5628970308303833,
      1.4955706419944763,
      1.440094331741333,
      1.3874851384162903,
      1.329478820323944,
      1.2592533755302429,
      1.1974841990470886,
      1.1239390966892242
    ],
    "train_acc": [
      26.8,
      39.928,
      43.216,
      46.32,
      48.016,
      49.944,
      51.784,
      54.968,
      56.912,
      59.872
    ],
    "test_loss": [
      1.8032293682098388,
      1.6984218084812164,
      1.5928391790390015,
      1.5364275681972503,
      1.4720172357559205,
      1.465998571872711,
      1.4452719213962555,
      1.453202719449997,
      1.3627612068653108,
      1.376210250377655
    ],
    "test_acc": [
      35.53333333333333,
      37.9,
      43.0,
      45.1,
      47.5,
      47.266666666666666,
      49.43333333333333,
      49.233333333333334,
      51.63333333333333,
      51.43333333333333
    ]
  }
}